[
    {"name": "Mãe", "text": "Seja bem-vinda a sua nova casa, filha! Espero que você seja muito feliz nela e nesse novo ciclo na sua vida!"},
    {"name": "Mãe", "text": "Para te ajudar na sua reeducação alimentar eu enviei um pacotinho de semente de cinco alimentos essenciais para seu dia a dia, junto com uma cartinha com seus benefícios."},
    {"name": "Mãe", "text": "Para tornar essa experiência mais agradável e divertida, eu escondi pelo terreno os saquinhos de semente."},
    {"name": "Mãe", "text": "Espero que goste. Mamãe te ama."}
]